{
    "loss": 0.049861256033182144,
    "accuracy": 0.982758641242981,
    "mse": 0.017241379310344827,
    "mae": 0.017241379310344827,
    "rmse": 0.13130643285972254,
    "f1_score": 0.9827586206896551,
    "precision": 0.9827586206896551,
    "recall": 0.9827586206896551
}